{"cameraMode":{"drawMode":0,"name":"Shaded","section":"Shading Mode"},"sceneLighting":false,"audioPlay":false,"sceneViewState":{"m_AlwaysRefresh":false,"showFog":false,"showSkybox":false,"showFlares":false,"showImageEffects":false,"showParticleSystems":false,"showVisualEffectGraphs":true,"m_FxEnabled":true},"in2DMode":false,"pivot":{"x":0.040453553199768069,"y":1.1129865646362305,"z":-0.0903957337141037},"rotation":{"x":0.0028672043699771168,"y":-0.982858419418335,"z":0.1837383657693863,"w":0.015340236015617848},"size":1.0507392883300782,"orthographic":false}