{"cameraMode":{"drawMode":0,"name":"Shaded","section":"Shading Mode"},"sceneLighting":false,"audioPlay":false,"sceneViewState":{"m_AlwaysRefresh":false,"showFog":true,"showSkybox":false,"showFlares":true,"showImageEffects":true,"showParticleSystems":true,"showVisualEffectGraphs":true,"m_FxEnabled":true},"in2DMode":false,"pivot":{"x":0.9994844198226929,"y":-2.3739657402038576,"z":6.692201614379883},"rotation":{"x":-0.18963436782360078,"y":-0.014141005463898182,"z":0.0027314682956784965,"w":-0.9817496538162231},"size":6.86286735534668,"orthographic":false}