{"cameraMode":{"drawMode":0,"name":"Shaded","section":"Shading Mode"},"sceneLighting":false,"audioPlay":false,"sceneViewState":{"m_AlwaysRefresh":false,"showFog":false,"showSkybox":false,"showFlares":false,"showImageEffects":false,"showParticleSystems":false,"showVisualEffectGraphs":true,"m_FxEnabled":true},"in2DMode":false,"pivot":{"x":0.023070603609085084,"y":0.966659426689148,"z":0.014422774314880371},"rotation":{"x":-0.06283524632453919,"y":-0.4106080234050751,"z":0.02837630733847618,"w":-0.9092033505439758},"size":1.4760249853134156,"orthographic":false}